{
"__comment":"Made by Know2Good, part of the 'Default 3D' resource pack || Official download page: http://www.planetminecraft.com/texture_pack/default-3d-2985741/ || © Know2Good. All rights reserved. ",
    "variants": {
            "bites=0":[ { "model": "block/animal/cake/0", "weight": 1 },
								{ "model": "block/animal/cake/0", "y": 90, "weight": 1 },
								{ "model": "block/animal/cake/0", "y": 180, "weight": 1 },
								{ "model": "block/animal/cake/0", "y": 270, "weight": 1 }],
			"bites=1":[ { "model": "block/animal/cake/1", "weight": 1 },
								{ "model": "block/animal/cake/1", "y": 90, "weight": 1 },
								{ "model": "block/animal/cake/1", "y": 180, "weight": 1 },
								{ "model": "block/animal/cake/1", "y": 270, "weight": 1 }],
			"bites=2":[ { "model": "block/animal/cake/2", "weight": 1 },
								{ "model": "block/animal/cake/2", "y": 90, "weight": 1 },
								{ "model": "block/animal/cake/2", "y": 180, "weight": 1 },
								{ "model": "block/animal/cake/2", "y": 270, "weight": 1 }],
			"bites=3":[ { "model": "block/animal/cake/3", "weight": 1 },
								{ "model": "block/animal/cake/3", "y": 90, "weight": 1 },
								{ "model": "block/animal/cake/3", "y": 180, "weight": 1 },
								{ "model": "block/animal/cake/3", "y": 270, "weight": 1 }],
			"bites=4":[ { "model": "block/animal/cake/4", "weight": 1 },
								{ "model": "block/animal/cake/4", "y": 90, "weight": 1 },
								{ "model": "block/animal/cake/4", "y": 180, "weight": 1 },
								{ "model": "block/animal/cake/4", "y": 270, "weight": 1 }],
			"bites=5":[ { "model": "block/animal/cake/5", "weight": 1 },
								{ "model": "block/animal/cake/5", "y": 90, "weight": 1 },
								{ "model": "block/animal/cake/5", "y": 180, "weight": 1 },
								{ "model": "block/animal/cake/5", "y": 270, "weight": 1 }],
			"bites=6":[ { "model": "block/animal/cake/6", "weight": 1 },
								{ "model": "block/animal/cake/6", "y": 90, "weight": 1 },
								{ "model": "block/animal/cake/6", "y": 180, "weight": 1 },
								{ "model": "block/animal/cake/6", "y": 270, "weight": 1 }]
    }
}
