{
"__comment":"Made by Know2Good, part of the 'Default 3D' resource pack || Official download page: http://www.planetminecraft.com/texture_pack/default-3d-2981741/ or http://know2good.com/ || © Know2Good. All rights reserved. ",
    "variants": {
        "facing=east,half=bottom,shape=straight":[
			{ "model": "block/stone/end/brick/stairs/bottom/straight/n/0", "weight": 1 },
			
			{ "model": "block/stone/end/brick/stairs/bottom/straight/n/1", "weight": 1 },
			{ "model": "block/stone/end/brick/stairs/bottom/straight/n/2", "weight": 1 },
			{ "model": "block/stone/end/brick/stairs/bottom/straight/n/3", "weight": 1 },
			{ "model": "block/stone/end/brick/stairs/bottom/straight/n/4", "weight": 1 },
			
			{ "model": "block/stone/end/brick/stairs/bottom/straight/n/5", "weight": 1 },
			{ "model": "block/stone/end/brick/stairs/bottom/straight/n/6", "weight": 1 },
			{ "model": "block/stone/end/brick/stairs/bottom/straight/n/7", "weight": 1 },
			{ "model": "block/stone/end/brick/stairs/bottom/straight/n/8", "weight": 1 },
			{ "model": "block/stone/end/brick/stairs/bottom/straight/n/9", "weight": 1 },
			{ "model": "block/stone/end/brick/stairs/bottom/straight/n/10", "weight": 1 },
			
			{ "model": "block/stone/end/brick/stairs/bottom/straight/n/11", "weight": 1 },
			{ "model": "block/stone/end/brick/stairs/bottom/straight/n/12", "weight": 1 },
			{ "model": "block/stone/end/brick/stairs/bottom/straight/n/13", "weight": 1 }
		],
        "facing=south,half=bottom,shape=straight":[
			{ "model": "block/stone/end/brick/stairs/bottom/straight/e/0", "weight": 1 },
			
			{ "model": "block/stone/end/brick/stairs/bottom/straight/e/1", "weight": 1 },
			{ "model": "block/stone/end/brick/stairs/bottom/straight/e/2", "weight": 1 },
			{ "model": "block/stone/end/brick/stairs/bottom/straight/e/3", "weight": 1 },
			{ "model": "block/stone/end/brick/stairs/bottom/straight/e/4", "weight": 1 },
			
			{ "model": "block/stone/end/brick/stairs/bottom/straight/e/5", "weight": 1 },
			{ "model": "block/stone/end/brick/stairs/bottom/straight/e/6", "weight": 1 },
			{ "model": "block/stone/end/brick/stairs/bottom/straight/e/7", "weight": 1 },
			{ "model": "block/stone/end/brick/stairs/bottom/straight/e/8", "weight": 1 },
			{ "model": "block/stone/end/brick/stairs/bottom/straight/e/9", "weight": 1 },
			{ "model": "block/stone/end/brick/stairs/bottom/straight/e/10", "weight": 1 },
			
			{ "model": "block/stone/end/brick/stairs/bottom/straight/e/11", "weight": 1 },
			{ "model": "block/stone/end/brick/stairs/bottom/straight/e/12", "weight": 1 },
			{ "model": "block/stone/end/brick/stairs/bottom/straight/e/13", "weight": 1 }
		],
        "facing=west,half=bottom,shape=straight":[
			{ "model": "block/stone/end/brick/stairs/bottom/straight/s/0", "weight": 1 },
			
			{ "model": "block/stone/end/brick/stairs/bottom/straight/s/1", "weight": 1 },
			{ "model": "block/stone/end/brick/stairs/bottom/straight/s/2", "weight": 1 },
			{ "model": "block/stone/end/brick/stairs/bottom/straight/s/3", "weight": 1 },
			{ "model": "block/stone/end/brick/stairs/bottom/straight/s/4", "weight": 1 },
			
			{ "model": "block/stone/end/brick/stairs/bottom/straight/s/5", "weight": 1 },
			{ "model": "block/stone/end/brick/stairs/bottom/straight/s/6", "weight": 1 },
			{ "model": "block/stone/end/brick/stairs/bottom/straight/s/7", "weight": 1 },
			{ "model": "block/stone/end/brick/stairs/bottom/straight/s/8", "weight": 1 },
			{ "model": "block/stone/end/brick/stairs/bottom/straight/s/9", "weight": 1 },
			{ "model": "block/stone/end/brick/stairs/bottom/straight/s/10", "weight": 1 },
			
			{ "model": "block/stone/end/brick/stairs/bottom/straight/s/11", "weight": 1 },
			{ "model": "block/stone/end/brick/stairs/bottom/straight/s/12", "weight": 1 },
			{ "model": "block/stone/end/brick/stairs/bottom/straight/s/13", "weight": 1 }
		],
        "facing=north,half=bottom,shape=straight":[
			{ "model": "block/stone/end/brick/stairs/bottom/straight/w/0", "weight": 1 },
			
			{ "model": "block/stone/end/brick/stairs/bottom/straight/w/1", "weight": 1 },
			{ "model": "block/stone/end/brick/stairs/bottom/straight/w/2", "weight": 1 },
			{ "model": "block/stone/end/brick/stairs/bottom/straight/w/3", "weight": 1 },
			{ "model": "block/stone/end/brick/stairs/bottom/straight/w/4", "weight": 1 },
			
			{ "model": "block/stone/end/brick/stairs/bottom/straight/w/5", "weight": 1 },
			{ "model": "block/stone/end/brick/stairs/bottom/straight/w/6", "weight": 1 },
			{ "model": "block/stone/end/brick/stairs/bottom/straight/w/7", "weight": 1 },
			{ "model": "block/stone/end/brick/stairs/bottom/straight/w/8", "weight": 1 },
			{ "model": "block/stone/end/brick/stairs/bottom/straight/w/9", "weight": 1 },
			{ "model": "block/stone/end/brick/stairs/bottom/straight/w/10", "weight": 1 },
			
			{ "model": "block/stone/end/brick/stairs/bottom/straight/w/11", "weight": 1 },
			{ "model": "block/stone/end/brick/stairs/bottom/straight/w/12", "weight": 1 },
			{ "model": "block/stone/end/brick/stairs/bottom/straight/w/13", "weight": 1 }
		],
        "facing=east,half=bottom,shape=outer_right":[
			{ "model": "block/stone/end/brick/stairs/bottom/outer/n/0", "weight": 1 },
			
			{ "model": "block/stone/end/brick/stairs/bottom/outer/n/1", "weight": 1 },
			{ "model": "block/stone/end/brick/stairs/bottom/outer/n/2", "weight": 1 },
			{ "model": "block/stone/end/brick/stairs/bottom/outer/n/3", "weight": 1 },
			{ "model": "block/stone/end/brick/stairs/bottom/outer/n/4", "weight": 1 },
			
			{ "model": "block/stone/end/brick/stairs/bottom/outer/n/5", "weight": 1 },
			{ "model": "block/stone/end/brick/stairs/bottom/outer/n/6", "weight": 1 },
			{ "model": "block/stone/end/brick/stairs/bottom/outer/n/7", "weight": 1 },
			{ "model": "block/stone/end/brick/stairs/bottom/outer/n/8", "weight": 1 },
			{ "model": "block/stone/end/brick/stairs/bottom/outer/n/9", "weight": 1 },
			{ "model": "block/stone/end/brick/stairs/bottom/outer/n/10", "weight": 1 },
			
			{ "model": "block/stone/end/brick/stairs/bottom/outer/n/11", "weight": 1 },
			{ "model": "block/stone/end/brick/stairs/bottom/outer/n/12", "weight": 1 },
			{ "model": "block/stone/end/brick/stairs/bottom/outer/n/13", "weight": 1 }
		],
        "facing=south,half=bottom,shape=outer_right":[
			{ "model": "block/stone/end/brick/stairs/bottom/outer/e/0", "weight": 1 },
			
			{ "model": "block/stone/end/brick/stairs/bottom/outer/e/1", "weight": 1 },
			{ "model": "block/stone/end/brick/stairs/bottom/outer/e/2", "weight": 1 },
			{ "model": "block/stone/end/brick/stairs/bottom/outer/e/3", "weight": 1 },
			{ "model": "block/stone/end/brick/stairs/bottom/outer/e/4", "weight": 1 },
			
			{ "model": "block/stone/end/brick/stairs/bottom/outer/e/5", "weight": 1 },
			{ "model": "block/stone/end/brick/stairs/bottom/outer/e/6", "weight": 1 },
			{ "model": "block/stone/end/brick/stairs/bottom/outer/e/7", "weight": 1 },
			{ "model": "block/stone/end/brick/stairs/bottom/outer/e/8", "weight": 1 },
			{ "model": "block/stone/end/brick/stairs/bottom/outer/e/9", "weight": 1 },
			{ "model": "block/stone/end/brick/stairs/bottom/outer/e/10", "weight": 1 },
			
			{ "model": "block/stone/end/brick/stairs/bottom/outer/e/11", "weight": 1 },
			{ "model": "block/stone/end/brick/stairs/bottom/outer/e/12", "weight": 1 },
			{ "model": "block/stone/end/brick/stairs/bottom/outer/e/13", "weight": 1 }
		],
        "facing=west,half=bottom,shape=outer_right":[
			{ "model": "block/stone/end/brick/stairs/bottom/outer/s/0", "weight": 1 },
			
			{ "model": "block/stone/end/brick/stairs/bottom/outer/s/1", "weight": 1 },
			{ "model": "block/stone/end/brick/stairs/bottom/outer/s/2", "weight": 1 },
			{ "model": "block/stone/end/brick/stairs/bottom/outer/s/3", "weight": 1 },
			{ "model": "block/stone/end/brick/stairs/bottom/outer/s/4", "weight": 1 },
			
			{ "model": "block/stone/end/brick/stairs/bottom/outer/s/5", "weight": 1 },
			{ "model": "block/stone/end/brick/stairs/bottom/outer/s/6", "weight": 1 },
			{ "model": "block/stone/end/brick/stairs/bottom/outer/s/7", "weight": 1 },
			{ "model": "block/stone/end/brick/stairs/bottom/outer/s/8", "weight": 1 },
			{ "model": "block/stone/end/brick/stairs/bottom/outer/s/9", "weight": 1 },
			{ "model": "block/stone/end/brick/stairs/bottom/outer/s/10", "weight": 1 },
			
			{ "model": "block/stone/end/brick/stairs/bottom/outer/s/11", "weight": 1 },
			{ "model": "block/stone/end/brick/stairs/bottom/outer/s/12", "weight": 1 },
			{ "model": "block/stone/end/brick/stairs/bottom/outer/s/13", "weight": 1 }
		],
        "facing=north,half=bottom,shape=outer_right":[
			{ "model": "block/stone/end/brick/stairs/bottom/outer/w/0", "weight": 1 },
			
			{ "model": "block/stone/end/brick/stairs/bottom/outer/w/1", "weight": 1 },
			{ "model": "block/stone/end/brick/stairs/bottom/outer/w/2", "weight": 1 },
			{ "model": "block/stone/end/brick/stairs/bottom/outer/w/3", "weight": 1 },
			{ "model": "block/stone/end/brick/stairs/bottom/outer/w/4", "weight": 1 },
			
			{ "model": "block/stone/end/brick/stairs/bottom/outer/w/5", "weight": 1 },
			{ "model": "block/stone/end/brick/stairs/bottom/outer/w/6", "weight": 1 },
			{ "model": "block/stone/end/brick/stairs/bottom/outer/w/7", "weight": 1 },
			{ "model": "block/stone/end/brick/stairs/bottom/outer/w/8", "weight": 1 },
			{ "model": "block/stone/end/brick/stairs/bottom/outer/w/9", "weight": 1 },
			{ "model": "block/stone/end/brick/stairs/bottom/outer/w/10", "weight": 1 },
			
			{ "model": "block/stone/end/brick/stairs/bottom/outer/w/11", "weight": 1 },
			{ "model": "block/stone/end/brick/stairs/bottom/outer/w/12", "weight": 1 },
			{ "model": "block/stone/end/brick/stairs/bottom/outer/w/13", "weight": 1 }
		],
        "facing=east,half=bottom,shape=outer_left":[
			{ "model": "block/stone/end/brick/stairs/bottom/outer/w/0", "weight": 1 },
			
			{ "model": "block/stone/end/brick/stairs/bottom/outer/w/1", "weight": 1 },
			{ "model": "block/stone/end/brick/stairs/bottom/outer/w/2", "weight": 1 },
			{ "model": "block/stone/end/brick/stairs/bottom/outer/w/3", "weight": 1 },
			{ "model": "block/stone/end/brick/stairs/bottom/outer/w/4", "weight": 1 },
			
			{ "model": "block/stone/end/brick/stairs/bottom/outer/w/5", "weight": 1 },
			{ "model": "block/stone/end/brick/stairs/bottom/outer/w/6", "weight": 1 },
			{ "model": "block/stone/end/brick/stairs/bottom/outer/w/7", "weight": 1 },
			{ "model": "block/stone/end/brick/stairs/bottom/outer/w/8", "weight": 1 },
			{ "model": "block/stone/end/brick/stairs/bottom/outer/w/9", "weight": 1 },
			{ "model": "block/stone/end/brick/stairs/bottom/outer/w/10", "weight": 1 },
			
			{ "model": "block/stone/end/brick/stairs/bottom/outer/w/11", "weight": 1 },
			{ "model": "block/stone/end/brick/stairs/bottom/outer/w/12", "weight": 1 },
			{ "model": "block/stone/end/brick/stairs/bottom/outer/w/13", "weight": 1 }
		],
        "facing=south,half=bottom,shape=outer_left":[
			{ "model": "block/stone/end/brick/stairs/bottom/outer/n/0", "weight": 1 },
			
			{ "model": "block/stone/end/brick/stairs/bottom/outer/n/1", "weight": 1 },
			{ "model": "block/stone/end/brick/stairs/bottom/outer/n/2", "weight": 1 },
			{ "model": "block/stone/end/brick/stairs/bottom/outer/n/3", "weight": 1 },
			{ "model": "block/stone/end/brick/stairs/bottom/outer/n/4", "weight": 1 },
			
			{ "model": "block/stone/end/brick/stairs/bottom/outer/n/5", "weight": 1 },
			{ "model": "block/stone/end/brick/stairs/bottom/outer/n/6", "weight": 1 },
			{ "model": "block/stone/end/brick/stairs/bottom/outer/n/7", "weight": 1 },
			{ "model": "block/stone/end/brick/stairs/bottom/outer/n/8", "weight": 1 },
			{ "model": "block/stone/end/brick/stairs/bottom/outer/n/9", "weight": 1 },
			{ "model": "block/stone/end/brick/stairs/bottom/outer/n/10", "weight": 1 },
			
			{ "model": "block/stone/end/brick/stairs/bottom/outer/n/11", "weight": 1 },
			{ "model": "block/stone/end/brick/stairs/bottom/outer/n/12", "weight": 1 },
			{ "model": "block/stone/end/brick/stairs/bottom/outer/n/13", "weight": 1 }
		],
        "facing=west,half=bottom,shape=outer_left":[
			{ "model": "block/stone/end/brick/stairs/bottom/outer/e/0", "weight": 1 },
			
			{ "model": "block/stone/end/brick/stairs/bottom/outer/e/1", "weight": 1 },
			{ "model": "block/stone/end/brick/stairs/bottom/outer/e/2", "weight": 1 },
			{ "model": "block/stone/end/brick/stairs/bottom/outer/e/3", "weight": 1 },
			{ "model": "block/stone/end/brick/stairs/bottom/outer/e/4", "weight": 1 },
			
			{ "model": "block/stone/end/brick/stairs/bottom/outer/e/5", "weight": 1 },
			{ "model": "block/stone/end/brick/stairs/bottom/outer/e/6", "weight": 1 },
			{ "model": "block/stone/end/brick/stairs/bottom/outer/e/7", "weight": 1 },
			{ "model": "block/stone/end/brick/stairs/bottom/outer/e/8", "weight": 1 },
			{ "model": "block/stone/end/brick/stairs/bottom/outer/e/9", "weight": 1 },
			{ "model": "block/stone/end/brick/stairs/bottom/outer/e/10", "weight": 1 },
			
			{ "model": "block/stone/end/brick/stairs/bottom/outer/e/11", "weight": 1 },
			{ "model": "block/stone/end/brick/stairs/bottom/outer/e/12", "weight": 1 },
			{ "model": "block/stone/end/brick/stairs/bottom/outer/e/13", "weight": 1 }
		],
        "facing=north,half=bottom,shape=outer_left":[
			{ "model": "block/stone/end/brick/stairs/bottom/outer/s/0", "weight": 1 },
			
			{ "model": "block/stone/end/brick/stairs/bottom/outer/s/1", "weight": 1 },
			{ "model": "block/stone/end/brick/stairs/bottom/outer/s/2", "weight": 1 },
			{ "model": "block/stone/end/brick/stairs/bottom/outer/s/3", "weight": 1 },
			{ "model": "block/stone/end/brick/stairs/bottom/outer/s/4", "weight": 1 },
			
			{ "model": "block/stone/end/brick/stairs/bottom/outer/s/5", "weight": 1 },
			{ "model": "block/stone/end/brick/stairs/bottom/outer/s/6", "weight": 1 },
			{ "model": "block/stone/end/brick/stairs/bottom/outer/s/7", "weight": 1 },
			{ "model": "block/stone/end/brick/stairs/bottom/outer/s/8", "weight": 1 },
			{ "model": "block/stone/end/brick/stairs/bottom/outer/s/9", "weight": 1 },
			{ "model": "block/stone/end/brick/stairs/bottom/outer/s/10", "weight": 1 },
			
			{ "model": "block/stone/end/brick/stairs/bottom/outer/s/11", "weight": 1 },
			{ "model": "block/stone/end/brick/stairs/bottom/outer/s/12", "weight": 1 },
			{ "model": "block/stone/end/brick/stairs/bottom/outer/s/13", "weight": 1 }
		],
        "facing=east,half=bottom,shape=inner_right":[
			{ "model": "block/stone/end/brick/stairs/bottom/inner/s/0", "weight": 1 },
			
			{ "model": "block/stone/end/brick/stairs/bottom/inner/s/1", "weight": 1 },
			{ "model": "block/stone/end/brick/stairs/bottom/inner/s/2", "weight": 1 },
			{ "model": "block/stone/end/brick/stairs/bottom/inner/s/3", "weight": 1 },
			{ "model": "block/stone/end/brick/stairs/bottom/inner/s/4", "weight": 1 },
			
			{ "model": "block/stone/end/brick/stairs/bottom/inner/s/5", "weight": 1 },
			{ "model": "block/stone/end/brick/stairs/bottom/inner/s/6", "weight": 1 },
			{ "model": "block/stone/end/brick/stairs/bottom/inner/s/7", "weight": 1 },
			{ "model": "block/stone/end/brick/stairs/bottom/inner/s/8", "weight": 1 },
			{ "model": "block/stone/end/brick/stairs/bottom/inner/s/9", "weight": 1 },
			{ "model": "block/stone/end/brick/stairs/bottom/inner/s/10", "weight": 1 },
			
			{ "model": "block/stone/end/brick/stairs/bottom/inner/s/11", "weight": 1 },
			{ "model": "block/stone/end/brick/stairs/bottom/inner/s/12", "weight": 1 },
			{ "model": "block/stone/end/brick/stairs/bottom/inner/s/13", "weight": 1 }
		],
        "facing=south,half=bottom,shape=inner_right":[
			{ "model": "block/stone/end/brick/stairs/bottom/inner/w/0", "weight": 1 },
			
			{ "model": "block/stone/end/brick/stairs/bottom/inner/w/1", "weight": 1 },
			{ "model": "block/stone/end/brick/stairs/bottom/inner/w/2", "weight": 1 },
			{ "model": "block/stone/end/brick/stairs/bottom/inner/w/3", "weight": 1 },
			{ "model": "block/stone/end/brick/stairs/bottom/inner/w/4", "weight": 1 },
			
			{ "model": "block/stone/end/brick/stairs/bottom/inner/w/5", "weight": 1 },
			{ "model": "block/stone/end/brick/stairs/bottom/inner/w/6", "weight": 1 },
			{ "model": "block/stone/end/brick/stairs/bottom/inner/w/7", "weight": 1 },
			{ "model": "block/stone/end/brick/stairs/bottom/inner/w/8", "weight": 1 },
			{ "model": "block/stone/end/brick/stairs/bottom/inner/w/9", "weight": 1 },
			{ "model": "block/stone/end/brick/stairs/bottom/inner/w/10", "weight": 1 },
			
			{ "model": "block/stone/end/brick/stairs/bottom/inner/w/11", "weight": 1 },
			{ "model": "block/stone/end/brick/stairs/bottom/inner/w/12", "weight": 1 },
			{ "model": "block/stone/end/brick/stairs/bottom/inner/w/13", "weight": 1 }
		],
        "facing=west,half=bottom,shape=inner_right":[
			{ "model": "block/stone/end/brick/stairs/bottom/inner/n/0", "weight": 1 },
			
			{ "model": "block/stone/end/brick/stairs/bottom/inner/n/1", "weight": 1 },
			{ "model": "block/stone/end/brick/stairs/bottom/inner/n/2", "weight": 1 },
			{ "model": "block/stone/end/brick/stairs/bottom/inner/n/3", "weight": 1 },
			{ "model": "block/stone/end/brick/stairs/bottom/inner/n/4", "weight": 1 },
			
			{ "model": "block/stone/end/brick/stairs/bottom/inner/n/5", "weight": 1 },
			{ "model": "block/stone/end/brick/stairs/bottom/inner/n/6", "weight": 1 },
			{ "model": "block/stone/end/brick/stairs/bottom/inner/n/7", "weight": 1 },
			{ "model": "block/stone/end/brick/stairs/bottom/inner/n/8", "weight": 1 },
			{ "model": "block/stone/end/brick/stairs/bottom/inner/n/9", "weight": 1 },
			{ "model": "block/stone/end/brick/stairs/bottom/inner/n/10", "weight": 1 },
			
			{ "model": "block/stone/end/brick/stairs/bottom/inner/n/11", "weight": 1 },
			{ "model": "block/stone/end/brick/stairs/bottom/inner/n/12", "weight": 1 },
			{ "model": "block/stone/end/brick/stairs/bottom/inner/n/13", "weight": 1 }
		],
        "facing=north,half=bottom,shape=inner_right":[
			{ "model": "block/stone/end/brick/stairs/bottom/inner/e/0", "weight": 1 },
			
			{ "model": "block/stone/end/brick/stairs/bottom/inner/e/1", "weight": 1 },
			{ "model": "block/stone/end/brick/stairs/bottom/inner/e/2", "weight": 1 },
			{ "model": "block/stone/end/brick/stairs/bottom/inner/e/3", "weight": 1 },
			{ "model": "block/stone/end/brick/stairs/bottom/inner/e/4", "weight": 1 },
			
			{ "model": "block/stone/end/brick/stairs/bottom/inner/e/5", "weight": 1 },
			{ "model": "block/stone/end/brick/stairs/bottom/inner/e/6", "weight": 1 },
			{ "model": "block/stone/end/brick/stairs/bottom/inner/e/7", "weight": 1 },
			{ "model": "block/stone/end/brick/stairs/bottom/inner/e/8", "weight": 1 },
			{ "model": "block/stone/end/brick/stairs/bottom/inner/e/9", "weight": 1 },
			{ "model": "block/stone/end/brick/stairs/bottom/inner/e/10", "weight": 1 },
			
			{ "model": "block/stone/end/brick/stairs/bottom/inner/e/11", "weight": 1 },
			{ "model": "block/stone/end/brick/stairs/bottom/inner/e/12", "weight": 1 },
			{ "model": "block/stone/end/brick/stairs/bottom/inner/e/13", "weight": 1 }
		],
        "facing=east,half=bottom,shape=inner_left":[
			{ "model": "block/stone/end/brick/stairs/bottom/inner/e/0", "weight": 1 },
			
			{ "model": "block/stone/end/brick/stairs/bottom/inner/e/1", "weight": 1 },
			{ "model": "block/stone/end/brick/stairs/bottom/inner/e/2", "weight": 1 },
			{ "model": "block/stone/end/brick/stairs/bottom/inner/e/3", "weight": 1 },
			{ "model": "block/stone/end/brick/stairs/bottom/inner/e/4", "weight": 1 },
			
			{ "model": "block/stone/end/brick/stairs/bottom/inner/e/5", "weight": 1 },
			{ "model": "block/stone/end/brick/stairs/bottom/inner/e/6", "weight": 1 },
			{ "model": "block/stone/end/brick/stairs/bottom/inner/e/7", "weight": 1 },
			{ "model": "block/stone/end/brick/stairs/bottom/inner/e/8", "weight": 1 },
			{ "model": "block/stone/end/brick/stairs/bottom/inner/e/9", "weight": 1 },
			{ "model": "block/stone/end/brick/stairs/bottom/inner/e/10", "weight": 1 },
			
			{ "model": "block/stone/end/brick/stairs/bottom/inner/e/11", "weight": 1 },
			{ "model": "block/stone/end/brick/stairs/bottom/inner/e/12", "weight": 1 },
			{ "model": "block/stone/end/brick/stairs/bottom/inner/e/13", "weight": 1 }
		],
        "facing=south,half=bottom,shape=inner_left":[
			{ "model": "block/stone/end/brick/stairs/bottom/inner/s/0", "weight": 1 },
			
			{ "model": "block/stone/end/brick/stairs/bottom/inner/s/1", "weight": 1 },
			{ "model": "block/stone/end/brick/stairs/bottom/inner/s/2", "weight": 1 },
			{ "model": "block/stone/end/brick/stairs/bottom/inner/s/3", "weight": 1 },
			{ "model": "block/stone/end/brick/stairs/bottom/inner/s/4", "weight": 1 },
			
			{ "model": "block/stone/end/brick/stairs/bottom/inner/s/5", "weight": 1 },
			{ "model": "block/stone/end/brick/stairs/bottom/inner/s/6", "weight": 1 },
			{ "model": "block/stone/end/brick/stairs/bottom/inner/s/7", "weight": 1 },
			{ "model": "block/stone/end/brick/stairs/bottom/inner/s/8", "weight": 1 },
			{ "model": "block/stone/end/brick/stairs/bottom/inner/s/9", "weight": 1 },
			{ "model": "block/stone/end/brick/stairs/bottom/inner/s/10", "weight": 1 },
			
			{ "model": "block/stone/end/brick/stairs/bottom/inner/s/11", "weight": 1 },
			{ "model": "block/stone/end/brick/stairs/bottom/inner/s/12", "weight": 1 },
			{ "model": "block/stone/end/brick/stairs/bottom/inner/s/13", "weight": 1 }
		],
        "facing=west,half=bottom,shape=inner_left":[
			{ "model": "block/stone/end/brick/stairs/bottom/inner/w/0", "weight": 1 },
			
			{ "model": "block/stone/end/brick/stairs/bottom/inner/w/1", "weight": 1 },
			{ "model": "block/stone/end/brick/stairs/bottom/inner/w/2", "weight": 1 },
			{ "model": "block/stone/end/brick/stairs/bottom/inner/w/3", "weight": 1 },
			{ "model": "block/stone/end/brick/stairs/bottom/inner/w/4", "weight": 1 },
			
			{ "model": "block/stone/end/brick/stairs/bottom/inner/w/5", "weight": 1 },
			{ "model": "block/stone/end/brick/stairs/bottom/inner/w/6", "weight": 1 },
			{ "model": "block/stone/end/brick/stairs/bottom/inner/w/7", "weight": 1 },
			{ "model": "block/stone/end/brick/stairs/bottom/inner/w/8", "weight": 1 },
			{ "model": "block/stone/end/brick/stairs/bottom/inner/w/9", "weight": 1 },
			{ "model": "block/stone/end/brick/stairs/bottom/inner/w/10", "weight": 1 },
			
			{ "model": "block/stone/end/brick/stairs/bottom/inner/w/11", "weight": 1 },
			{ "model": "block/stone/end/brick/stairs/bottom/inner/w/12", "weight": 1 },
			{ "model": "block/stone/end/brick/stairs/bottom/inner/w/13", "weight": 1 }
		],
        "facing=north,half=bottom,shape=inner_left":[
			{ "model": "block/stone/end/brick/stairs/bottom/inner/n/0", "weight": 1 },
			
			{ "model": "block/stone/end/brick/stairs/bottom/inner/n/1", "weight": 1 },
			{ "model": "block/stone/end/brick/stairs/bottom/inner/n/2", "weight": 1 },
			{ "model": "block/stone/end/brick/stairs/bottom/inner/n/3", "weight": 1 },
			{ "model": "block/stone/end/brick/stairs/bottom/inner/n/4", "weight": 1 },
			
			{ "model": "block/stone/end/brick/stairs/bottom/inner/n/5", "weight": 1 },
			{ "model": "block/stone/end/brick/stairs/bottom/inner/n/6", "weight": 1 },
			{ "model": "block/stone/end/brick/stairs/bottom/inner/n/7", "weight": 1 },
			{ "model": "block/stone/end/brick/stairs/bottom/inner/n/8", "weight": 1 },
			{ "model": "block/stone/end/brick/stairs/bottom/inner/n/9", "weight": 1 },
			{ "model": "block/stone/end/brick/stairs/bottom/inner/n/10", "weight": 1 },
			
			{ "model": "block/stone/end/brick/stairs/bottom/inner/n/11", "weight": 1 },
			{ "model": "block/stone/end/brick/stairs/bottom/inner/n/12", "weight": 1 },
			{ "model": "block/stone/end/brick/stairs/bottom/inner/n/13", "weight": 1 }
		],
        "facing=east,half=top,shape=straight":[
			{ "model": "block/stone/end/brick/stairs/top/straight/n/0", "weight": 1 },
			
			{ "model": "block/stone/end/brick/stairs/top/straight/n/1", "weight": 1 },
			{ "model": "block/stone/end/brick/stairs/top/straight/n/2", "weight": 1 },
			{ "model": "block/stone/end/brick/stairs/top/straight/n/3", "weight": 1 },
			{ "model": "block/stone/end/brick/stairs/top/straight/n/4", "weight": 1 },
			
			{ "model": "block/stone/end/brick/stairs/top/straight/n/5", "weight": 1 },
			{ "model": "block/stone/end/brick/stairs/top/straight/n/6", "weight": 1 },
			{ "model": "block/stone/end/brick/stairs/top/straight/n/7", "weight": 1 },
			{ "model": "block/stone/end/brick/stairs/top/straight/n/8", "weight": 1 },
			{ "model": "block/stone/end/brick/stairs/top/straight/n/9", "weight": 1 },
			{ "model": "block/stone/end/brick/stairs/top/straight/n/10", "weight": 1 },
			
			{ "model": "block/stone/end/brick/stairs/top/straight/n/11", "weight": 1 },
			{ "model": "block/stone/end/brick/stairs/top/straight/n/12", "weight": 1 },
			{ "model": "block/stone/end/brick/stairs/top/straight/n/13", "weight": 1 }
		],
        "facing=south,half=top,shape=straight":[
			{ "model": "block/stone/end/brick/stairs/top/straight/e/0", "weight": 1 },
			
			{ "model": "block/stone/end/brick/stairs/top/straight/e/1", "weight": 1 },
			{ "model": "block/stone/end/brick/stairs/top/straight/e/2", "weight": 1 },
			{ "model": "block/stone/end/brick/stairs/top/straight/e/3", "weight": 1 },
			{ "model": "block/stone/end/brick/stairs/top/straight/e/4", "weight": 1 },
			
			{ "model": "block/stone/end/brick/stairs/top/straight/e/5", "weight": 1 },
			{ "model": "block/stone/end/brick/stairs/top/straight/e/6", "weight": 1 },
			{ "model": "block/stone/end/brick/stairs/top/straight/e/7", "weight": 1 },
			{ "model": "block/stone/end/brick/stairs/top/straight/e/8", "weight": 1 },
			{ "model": "block/stone/end/brick/stairs/top/straight/e/9", "weight": 1 },
			{ "model": "block/stone/end/brick/stairs/top/straight/e/10", "weight": 1 },
			
			{ "model": "block/stone/end/brick/stairs/top/straight/e/11", "weight": 1 },
			{ "model": "block/stone/end/brick/stairs/top/straight/e/12", "weight": 1 },
			{ "model": "block/stone/end/brick/stairs/top/straight/e/13", "weight": 1 }
		],
        "facing=west,half=top,shape=straight":[
			{ "model": "block/stone/end/brick/stairs/top/straight/s/0", "weight": 1 },
			
			{ "model": "block/stone/end/brick/stairs/top/straight/s/1", "weight": 1 },
			{ "model": "block/stone/end/brick/stairs/top/straight/s/2", "weight": 1 },
			{ "model": "block/stone/end/brick/stairs/top/straight/s/3", "weight": 1 },
			{ "model": "block/stone/end/brick/stairs/top/straight/s/4", "weight": 1 },
			
			{ "model": "block/stone/end/brick/stairs/top/straight/s/5", "weight": 1 },
			{ "model": "block/stone/end/brick/stairs/top/straight/s/6", "weight": 1 },
			{ "model": "block/stone/end/brick/stairs/top/straight/s/7", "weight": 1 },
			{ "model": "block/stone/end/brick/stairs/top/straight/s/8", "weight": 1 },
			{ "model": "block/stone/end/brick/stairs/top/straight/s/9", "weight": 1 },
			{ "model": "block/stone/end/brick/stairs/top/straight/s/10", "weight": 1 },
			
			{ "model": "block/stone/end/brick/stairs/top/straight/s/11", "weight": 1 },
			{ "model": "block/stone/end/brick/stairs/top/straight/s/12", "weight": 1 },
			{ "model": "block/stone/end/brick/stairs/top/straight/s/13", "weight": 1 }
		],
        "facing=north,half=top,shape=straight":[
			{ "model": "block/stone/end/brick/stairs/top/straight/w/0", "weight": 1 },
			
			{ "model": "block/stone/end/brick/stairs/top/straight/w/1", "weight": 1 },
			{ "model": "block/stone/end/brick/stairs/top/straight/w/2", "weight": 1 },
			{ "model": "block/stone/end/brick/stairs/top/straight/w/3", "weight": 1 },
			{ "model": "block/stone/end/brick/stairs/top/straight/w/4", "weight": 1 },
			
			{ "model": "block/stone/end/brick/stairs/top/straight/w/5", "weight": 1 },
			{ "model": "block/stone/end/brick/stairs/top/straight/w/6", "weight": 1 },
			{ "model": "block/stone/end/brick/stairs/top/straight/w/7", "weight": 1 },
			{ "model": "block/stone/end/brick/stairs/top/straight/w/8", "weight": 1 },
			{ "model": "block/stone/end/brick/stairs/top/straight/w/9", "weight": 1 },
			{ "model": "block/stone/end/brick/stairs/top/straight/w/10", "weight": 1 },
			
			{ "model": "block/stone/end/brick/stairs/top/straight/w/11", "weight": 1 },
			{ "model": "block/stone/end/brick/stairs/top/straight/w/12", "weight": 1 },
			{ "model": "block/stone/end/brick/stairs/top/straight/w/13", "weight": 1 }
		]
    }
}
